{"  ": {"A": 0.03800475059382423, "\u00c1": 0.007125890736342043, "\u00c6": 0.007125890736342043, "B": 0.10926365795724466, "D": 0.10688836104513064, "E": 0.0166270783847981, "F": 0.009501187648456057, "G": 0.10926365795724466, "H": 0.07125890736342043, "\u00cd": 0.007125890736342043, "I": 0.014251781472684086, "J": 0.040380047505938245, "K": 0.0332541567695962, "L": 0.0688836104513064, "M": 0.05938242280285035, "N": 0.026128266033254157, "O": 0.009501187648456057, "P": 0.007125890736342043, "R": 0.04275534441805225, "S": 0.13064133016627077, "T": 0.026128266033254157, "\u00da": 0.0023752969121140144, "U": 0.004750593824228029, "V": 0.040380047505938245, "\u00de": 0.011876484560570071}, " A": {"b": 0.0625, "d": 0.3125, "f": 0.0625, "g": 0.125, "l": 0.125, "m": 0.0625, "u": 0.25}, "Ab": {"b": 1.0}, "bb": {"a": 0.76, "\u00ed": 0.04, "\u00fd": 0.2}, "ba": {" ": 1.0}, "Ad": {"d": 1.0}, "dd": {"a": 0.5, "\u00ed": 0.075, "\u00fa": 0.075, "\u00fd": 0.35}, "da": {" ": 1.0}, " \u00c1": {"d": 0.3333333333333333, "s": 0.6666666666666666}, "\u00c1d": {"d": 1.0}, "d\u00ed": {" ": 1.0}, "d\u00fa": {" ": 1.0}, "d\u00fd": {" ": 1.0}, " \u00c6": {"j": 0.3333333333333333, "s": 0.3333333333333333, "t": 0.3333333333333333}, "\u00c6j": {"a": 1.0}, "ja": {" ": 0.72, "g": 0.04, "n": 0.16, "l": 0.04, "b": 0.04}, "\u00c6s": {"a": 1.0}, "sa": {" ": 1.0}, "\u00c6t": {"a": 1.0}, "ta": {" ": 1.0}, "Af": {"f": 1.0}, "ff": {"a": 0.8, "\u00fd": 0.2}, "fa": {" ": 1.0}, "Ag": {"g": 1.0}, "gg": {"a": 0.7419354838709677, "\u00ed": 0.06451612903225806, "\u00fd": 0.1935483870967742}, "ga": {" ": 0.9655172413793104, "l": 0.034482758620689655}, "g\u00ed": {" ": 1.0}, "Al": {"l": 1.0}, "ll": {"a": 0.7678571428571429, "\u00fd": 0.23214285714285715}, "la": {" ": 1.0}, "l\u00fd": {" ": 1.0}, "Am": {"\u00fd": 1.0}, "m\u00fd": {" ": 1.0}, "\u00c1s": {"a": 0.5, "t": 0.5}, "st": {"a": 0.75, "\u00fd": 0.25}, "Au": {"d": 0.25, "\u00f0": 0.25, "j": 0.25, "t": 0.25}, "ud": {"a": 0.2, "d": 0.6, "\u00ed": 0.2}, "u\u00f0": {"a": 1.0}, "\u00f0a": {" ": 1.0}, "uj": {"a": 1.0}, "ut": {"a": 0.5, "l": 0.5}, " B": {"a": 0.1956521739130435, "\u00e6": 0.021739130434782608, "e": 0.17391304347826086, "\u00ed": 0.06521739130434782, "i": 0.15217391304347827, "j": 0.06521739130434782, "o": 0.13043478260869565, "\u00f6": 0.021739130434782608, "\u00f3": 0.021739130434782608, "r": 0.043478260869565216, "u": 0.06521739130434782, "\u00fa": 0.043478260869565216}, "Ba": {"b": 0.2222222222222222, "d": 0.3333333333333333, "g": 0.1111111111111111, "r": 0.1111111111111111, "u": 0.2222222222222222}, "ab": {"s": 0.18181818181818182, "b": 0.8181818181818182}, "bs": {"\u00ed": 1.0}, "s\u00ed": {" ": 1.0}, "ad": {"d": 1.0}, "B\u00e6": {"n": 1.0}, "\u00e6n": {"g": 0.5, "k": 0.5}, "ng": {"a": 0.75, "l": 0.25}, "ag": {"g": 1.0}, "ar": {"b": 0.16666666666666666, "a": 0.3333333333333333, "k": 0.16666666666666666, "s": 0.3333333333333333}, "rb": {"\u00fd": 1.0}, "b\u00fd": {" ": 1.0}, "au": {"j": 0.4, "k": 0.2, "g": 0.2, "l": 0.2}, "uk": {"\u00fd": 1.0}, "k\u00fd": {" ": 1.0}, "Be": {"b": 0.25, "g": 0.25, "l": 0.125, "r": 0.125, "t": 0.25}, "eb": {"b": 1.0}, "b\u00ed": {" ": 1.0}, "eg": {"g": 1.0}, "al": {"i": 0.05555555555555555, "l": 0.6111111111111112, "a": 0.1111111111111111, "k": 0.1111111111111111, "\u00f3": 0.05555555555555555, "g": 0.05555555555555555}, "li": {"n": 1.0}, "in": {"d": 0.2, "k": 0.2, "n": 0.3, "a": 0.2, "s": 0.1}, "nd": {" ": 0.125, "a": 0.875}, "el": {"l": 1.0}, "er": {"t": 0.3333333333333333, "\u00f0": 0.3333333333333333, "s": 0.3333333333333333}, "rt": {"a": 1.0}, "et": {" ": 0.25, "a": 0.5, "t": 0.25}, "B\u00ed": {"a": 0.3333333333333333, "b": 0.3333333333333333, "n": 0.3333333333333333}, "\u00eda": {" ": 1.0}, "Bi": {"b": 0.14285714285714285, "d": 0.2857142857142857, "g": 0.14285714285714285, "l": 0.14285714285714285, "n": 0.2857142857142857}, "ib": {"b": 1.0}, "\u00edb": {"\u00ed": 1.0}, "id": {"d": 0.8333333333333334, "e": 0.08333333333333333, "\u00ed": 0.08333333333333333}, "ig": {"g": 0.8333333333333334, "a": 0.16666666666666666}, "il": {"d": 0.35714285714285715, "l": 0.6428571428571429}, "ld": {"a": 0.6, "\u00ed": 0.2, "u": 0.2}, "\u00edn": {"a": 0.9090909090909091, "\u00ed": 0.09090909090909091}, "na": {" ": 1.0}, "nk": {"a": 1.0}, "ka": {" ": 1.0}, "nn": {"a": 0.6285714285714286, "\u00fd": 0.17142857142857143, "e": 0.02857142857142857, "s": 0.14285714285714285, "t": 0.02857142857142857}, "Bj": {"a": 0.6666666666666666, "\u00f6": 0.3333333333333333}, "an": {"n": 0.4375, "a": 0.25, "\u00fd": 0.0625, "d": 0.0625, "k": 0.125, "s": 0.0625}, "n\u00fd": {" ": 1.0}, "j\u00f6": {"g": 0.5, "r": 0.5}, "\u00f6g": {"g": 1.0}, "Bo": {"b": 0.16666666666666666, "d": 0.3333333333333333, "g": 0.16666666666666666, "n": 0.16666666666666666, "r": 0.16666666666666666}, "ob": {"b": 1.0}, "od": {"a": 0.3333333333333333, "d": 0.6666666666666666}, "og": {"g": 1.0}, "B\u00f6": {"g": 1.0}, "g\u00fd": {" ": 1.0}, "on": {"n": 0.75, "a": 0.25}, "or": {"g": 0.5, "n": 0.5}, "rg": {"a": 1.0}, "B\u00f3": {"t": 1.0}, "\u00f3t": {"a": 0.5, "\u00ed": 0.16666666666666666, "l": 0.16666666666666666, "\u00fd": 0.16666666666666666}, "Br": {"e": 0.5, "y": 0.5}, "re": {"m": 1.0}, "em": {"s": 0.25, "m": 0.5, "d": 0.25}, "ms": {"a": 1.0}, "ry": {"n": 1.0}, "yn": {"k": 1.0}, "Bu": {"b": 0.3333333333333333, "d": 0.3333333333333333, "g": 0.3333333333333333}, "ub": {"b": 1.0}, "B\u00fa": {"b": 0.5, "l": 0.5}, "\u00fab": {"b": 1.0}, "ug": {"g": 0.8, "a": 0.2}, "\u00fal": {"l": 0.8571428571428571, "\u00fa": 0.14285714285714285}, " D": {"a": 0.06666666666666667, "\u00e6": 0.044444444444444446, "e": 0.13333333333333333, "\u00ed": 0.13333333333333333, "i": 0.06666666666666667, "\u00f3": 0.13333333333333333, "o": 0.08888888888888889, "\u00fa": 0.24444444444444444, "u": 0.08888888888888889}, "Da": {"d": 0.3333333333333333, "g": 0.3333333333333333, "j": 0.3333333333333333}, "D\u00e6": {"j": 0.5, "t": 0.5}, "\u00e6j": {"a": 1.0}, "\u00e6t": {"a": 1.0}, "aj": {"a": 1.0}, "De": {"b": 0.16666666666666666, "d": 0.3333333333333333, "i": 0.3333333333333333, "n": 0.16666666666666666}, "ed": {"d": 1.0}, "ei": {"d": 0.14285714285714285, " ": 0.14285714285714285, "s": 0.14285714285714285, "r": 0.07142857142857142, "\u00f0": 0.07142857142857142, "f": 0.07142857142857142, "n": 0.21428571428571427, "t": 0.07142857142857142, "g": 0.07142857142857142}, "de": {"i": 1.0}, "is": {"a": 0.125, "t": 0.125, "s": 0.625, "v": 0.125}, "en": {"n": 0.7142857142857143, "d": 0.14285714285714285, "a": 0.14285714285714285}, "D\u00ed": {"a": 0.16666666666666666, "d": 0.3333333333333333, "l": 0.16666666666666666, "s": 0.3333333333333333}, "Di": {"d": 0.6666666666666666, "s": 0.3333333333333333}, "\u00edd": {"i": 0.3333333333333333, "\u00f3": 0.3333333333333333, "\u00fd": 0.3333333333333333}, "di": {" ": 1.0}, "d\u00f3": {" ": 1.0}, "\u00edl": {"l": 1.0}, "\u00eds": {"a": 0.5, "e": 0.25, "\u00ed": 0.25}, "se": {"l": 1.0}, "D\u00f3": {"a": 0.16666666666666666, "d": 0.3333333333333333, "r": 0.3333333333333333, "s": 0.16666666666666666}, "\u00f3a": {" ": 1.0}, "\u00f3d": {"\u00ed": 0.5, "\u00f3": 0.5}, "Do": {"l": 0.5, "m": 0.25, "n": 0.25}, "ol": {"l": 0.8571428571428571, "k": 0.14285714285714285}, "om": {"m": 1.0}, "mm": {"a": 0.8571428571428571, "\u00fd": 0.14285714285714285}, "ma": {" ": 1.0}, "\u00f3r": {"a": 0.8, "\u00fd": 0.2}, "ra": {" ": 0.9230769230769231, "b": 0.07692307692307693}, "r\u00fd": {" ": 1.0}, "\u00f3s": {"\u00fd": 0.3333333333333333, "a": 0.6666666666666666}, "s\u00fd": {" ": 1.0}, "D\u00fa": {"d": 0.36363636363636365, "j": 0.09090909090909091, "l": 0.09090909090909091, "n": 0.2727272727272727, "r": 0.18181818181818182}, "\u00fad": {"a": 0.2, "d": 0.6, "\u00fa": 0.2}, "Du": {"d": 0.25, "n": 0.75}, "\u00faj": {"a": 1.0}, "un": {"a": 0.07692307692307693, "d": 0.15384615384615385, "n": 0.6923076923076923, "g": 0.07692307692307693}, "\u00fan": {"a": 0.42857142857142855, "n": 0.2857142857142857, "\u00fd": 0.14285714285714285, "d": 0.14285714285714285},