{"  ": {"A": 0.14606741573033707, "B": 0.033707865168539325, "C": 0.06741573033707865, "D": 0.056179775280898875, "E": 0.056179775280898875, "F": 0.02247191011235955, "G": 0.033707865168539325, "H": 0.033707865168539325, "I": 0.06741573033707865, "J": 0.06741573033707865, "K": 0.11235955056179775, "L": 0.06741573033707865, "M": 0.02247191011235955, "N": 0.056179775280898875, "R": 0.0449438202247191, "S": 0.033707865168539325, "T": 0.02247191011235955, "V": 0.02247191011235955, "W": 0.02247191011235955, "Z": 0.011235955056179775}, " A": {"d": 0.15384615384615385, "l": 0.46153846153846156, "m": 0.07692307692307693, "n": 0.23076923076923078, "r": 0.07692307692307693}, "Ad": {"a": 0.5, "e": 0.5}, "da": {"n": 1.0}, "an": {" ": 0.5384615384615384, "d": 0.07692307692307693, "a": 0.15384615384615385, "h": 0.15384615384615385, "j": 0.07692307692307693}, "de": {"n": 1.0}, "en": {" ": 0.2, "t": 0.2, "i": 0.2, "c": 0.2, "\u00e9": 0.2}, "Al": {"a": 0.16666666666666666, "e": 0.5, "v": 0.16666666666666666, "i": 0.16666666666666666}, "la": {"a": 1.0}, "aa": {" ": 1.0}, "le": {"m": 0.16666666666666666, "x": 0.3333333333333333, " ": 0.5}, "em": {" ": 1.0}, "ex": {"i": 0.5, " ": 0.5}, "xi": {"s": 1.0}, "is": {" ": 0.75, "s": 0.25}, "lv": {"i": 1.0}, "vi": {"n": 1.0}, "in": {" ": 0.5, "g": 0.2, "h": 0.2, "e": 0.1}, "Am": {"i": 1.0}, "mi": {"n": 0.3333333333333333, "l": 0.3333333333333333, " ": 0.3333333333333333}, "An": {"g": 0.3333333333333333, "h": 0.3333333333333333, "n": 0.3333333333333333}, "ng": {"e": 0.375, " ": 0.5, "a": 0.125}, "ge": {"l": 0.6666666666666666, " ": 0.3333333333333333}, "el": {" ": 0.6, "e": 0.2, "l": 0.2}, "nh": {" ": 1.0}, "nn": {"o": 1.0}, "no": {" ": 1.0}, "Ar": {"i": 1.0}, "ri": {"e": 0.5, "n": 0.25, " ": 0.25}, "ie": {"l": 0.6666666666666666, " ": 0.3333333333333333}, " B": {"e": 0.3333333333333333, "i": 0.6666666666666666}, "Be": {"n": 1.0}, "nt": {" ": 1.0}, "Bi": {"n": 1.0}, " C": {"a": 0.6666666666666666, "h": 0.16666666666666666, "i": 0.16666666666666666}, "Ca": {"m": 1.0}, "am": {" ": 0.4, "e": 0.4, "i": 0.2}, "me": {"r": 1.0}, "er": {"o": 0.6666666666666666, " ": 0.3333333333333333}, "ro": {"n": 1.0}, "on": {" ": 0.6, "a": 0.2, "i": 0.2}, "il": {"l": 1.0}, "ll": {"e": 0.5, "i": 0.25, "y": 0.25}, "Ch": {"a": 1.0}, "ha": {"n": 1.0}, "nd": {"r": 1.0}, "dr": {"a": 1.0}, "ra": {" ": 0.25, "h": 0.25, "n": 0.5}, "Ci": {"h": 1.0}, "ih": {"a": 1.0}, " D": {"a": 0.4, "e": 0.2, "o": 0.2, "u": 0.2}, "Da": {"n": 0.5, "r": 0.5}, "na": {" ": 1.0}, "ar": {"i": 0.5, "a": 0.25, " ": 0.25}, "De": {"n": 1.0}, "ni": {"z": 0.5, "r": 0.5}, "iz": {" ": 1.0}, "Do": {"m": 1.0}, "om": {"i": 1.0}, "Du": {"n": 1.0}, "un": {"g": 1.0}, " E": {"i": 0.4, "l": 0.6}, "Ei": {"n": 0.5, "d": 0.5}, "ne": {" ": 1.0}, "El": {"i": 0.6666666666666666, "l": 0.3333333333333333}, "li": {" ": 0.75, "s": 0.25}, " F": {"a": 0.5, "r": 0.5}, "Fa": {"r": 1.0}, "ah": {" ": 1.0}, " G": {"a": 0.6666666666666666, "u": 0.3333333333333333}, "Ga": {"b": 1.0}, "ab": {"r": 0.5, "y": 0.5}, "br": {"i": 1.0}, "by": {" ": 1.0}, "Gu": {"m": 1.0}, "um": {" ": 1.0}, " H": {"a": 0.3333333333333333, "o": 0.3333333333333333, "v": 0.3333333333333333}, "Ha": {"d": 1.0}, "ad": {"i": 1.0}, "di": {" ": 0.5, "s": 0.5}, "Ho": {"l": 1.0}, "ol": {" ": 1.0}, " I": {"l": 0.16666666666666666, "n": 0.6666666666666666, "s": 0.16666666666666666}, "Il": {"h": 1.0}, "lh": {"a": 1.0}, "In": {" ": 0.25, "g": 0.75}, "ga": {"r": 1.0}, "Is": {"a": 1.0}, "sa": {" ": 1.0}, " J": {"e": 0.3333333333333333, "i": 0.3333333333333333, "o": 0.3333333333333333}, "Je": {"a": 0.5, "s": 0.5}, "ea": {"n": 1.0}, "es": {"u": 1.0}, "su": {"s": 1.0}, "us": {" ": 1.0}, "Ji": {"a": 0.5, "e": 0.5}, "ia": {"n": 1.0}, "Jo": {"n": 0.5, "y": 0.5}, "oy": {" ": 1.0}, " K": {"a": 0.2, "h": 0.1, "i": 0.6, "y": 0.1}, "Ka": {"j": 0.5, "r": 0.5}, "aj": {" ": 0.5, "i": 0.5}, "Kh": {"a": 1.0}, "Ki": {"m": 0.3333333333333333, "n": 0.16666666666666666, "r": 0.3333333333333333, "t": 0.16666666666666666}, "im": {" ": 0.5, "b": 0.5}, "mb": {"e": 1.0}, "be": {"r": 1.0}, "ir": {"a": 0.6666666666666666, " ": 0.3333333333333333}, "it": {" ": 0.5, "a": 0.5}, "Ky": {"u": 1.0}, "yu": {"n": 1.0}, " L": {"a": 0.16666666666666666, "e": 0.16666666666666666, "o": 0.16666666666666666, "\u00ed": 0.16666666666666666, "\u00fa": 0.3333333333333333}, "La": {"u": 1.0}, "au": {"r": 1.0}, "ur": {"e": 0.5, " ": 0.5}, "re": {"n": 0.5, "y": 0.5}, "nc": {"e": 1.0}, "ce": {" ": 1.0}, "Le": {"l": 1.0}, "Lo": {"v": 1.0}, "ov": {"e": 1.0}, "ve": {" ": 1.0}, " M": {"i": 0.5, "o": 0.5}, "Mi": {"n": 1.0}, "Mo": {"n": 1.0}, " N": {"a": 0.4, "i": 0.4, "o": 0.2}, "Na": {"j": 0.5, "m": 0.5}, "ji": {" ": 1.0}, "Ni": {"k": 0.5, "s": 0.5}, "ik": {"i": 1.0}, "ki": {"t": 1.0}, "ta": {" ": 1.0}, "ss": {" ": 1.0}, "No": {"u": 1.0}, "ou": {"r": 1.0}, " R": {"a": 0.25, "e": 0.25, "o": 0.25, "\u00e6": 0.25}, "Ra": {"e": 1.0}, "ae": {"d": 1.0}, "ed": {" ": 1.0}, "Re": {"n": 1.0}, "n\u00e9": {" ": 1.0}, "Ro": {"b": 1.0}, "ob": {"i": 1.0}, "bi": {"n": 1.0}, " S": {"a": 0.3333333333333333, "o": 0.3333333333333333, "u": 0.3333333333333333}, "Sa": {"s": 1.0}, "as": {"j": 1.0}, "sj": {"a": 1.0}, "ja": {" ": 1.0}, "So": {"l": 1.0}, "Su": {"a": 1.0}, "ua": {"t": 1.0}, "at": {" ": 1.0}, " T": {"h": 0.5, "o": 0.5}, "Th": {"a": 1.0}, "To": {"n": 1.0}, " V": {"a": 1.0}, "Va": {"l": 0.5, "n": 0.5}, "al": {"l": 1.0}, "ly": {" ": 1.0}, "nj": {"a": 1.0}, " W": {"a": 0.5, "i": 0.5}, "Wa": {"i": 1.0}, "ai": {" ": 1.0}, "Hv": {"\u00ed": 1.0}, "v\u00ed": {" ": 1.0}, "Wi": {"n": 1.0}, " Z": {"a": 1.0}, "Za": {"n": 1.0}, "L\u00ed": {" ": 1.0}, "R\u00e6": {"j": 1.0}, "\u00e6j": {"a": 1.0}, "L\u00fa": {"k": 0.5, "a": 0.5}, "\u00fak": {"a": 1.0}, "ka": {" ": 1.0}, "Fr": {"e": 1.0}, "ey": {" ": 1.0}, "id": {"i": 1.0}, "\u00faa": {" ": 1.0}}