{"   ": {"A": 0.14606741573033707, "B": 0.033707865168539325, "C": 0.06741573033707865, "D": 0.056179775280898875, "E": 0.056179775280898875, "F": 0.02247191011235955, "G": 0.033707865168539325, "H": 0.033707865168539325, "I": 0.06741573033707865, "J": 0.06741573033707865, "K": 0.11235955056179775, "L": 0.06741573033707865, "M": 0.02247191011235955, "N": 0.056179775280898875, "R": 0.0449438202247191, "S": 0.033707865168539325, "T": 0.02247191011235955, "V": 0.02247191011235955, "W": 0.02247191011235955, "Z": 0.011235955056179775}, "  A": {"d": 0.15384615384615385, "l": 0.46153846153846156, "m": 0.07692307692307693, "n": 0.23076923076923078, "r": 0.07692307692307693}, " Ad": {"a": 0.5, "e": 0.5}, "Ada": {"n": 1.0}, "dan": {" ": 0.9558823529411766, "d": 0.00735294117647059, "a": 0.01470588235294118, "h": 0.01470588235294118, "j": 0.00735294117647059}, "Ade": {"n": 1.0}, "den": {" ": 0.9259259259259258, "t": 0.01851851851851852, "i": 0.01851851851851852, "c": 0.01851851851851852, "\u00e9": 0.01851851851851852}, " Al": {"a": 0.16666666666666669, "e": 0.5000000000000001, "v": 0.16666666666666669, "i": 0.16666666666666669}, "Ala": {"a": 1.0}, "laa": {" ": 1.0}, "Ale": {"m": 0.31746031746031744, "x": 0.6349206349206349, " ": 0.047619047619047616}, "lem": {" ": 1.0}, "lex": {"i": 0.5, " ": 0.5}, "exi": {"s": 1.0}, "xis": {" ": 0.9756097560975611, "s": 0.02439024390243903}, "Alv": {"i": 1.0}, "lvi": {"n": 1.0}, "vin": {" ": 0.9523809523809523, "g": 0.01904761904761905, "h": 0.01904761904761905, "e": 0.009523809523809525}, " Am": {"i": 1.0}, "Ami": {"n": 0.9374999999999998, "l": 0.031249999999999993, " ": 0.031249999999999993}, "min": {" ": 0.9523809523809523, "g": 0.01904761904761905, "h": 0.01904761904761905, "e": 0.009523809523809525}, " An": {"g": 0.3333333333333333, "h": 0.3333333333333333, "n": 0.3333333333333333}, "Ang": {"e": 0.9411764705882353, " ": 0.047058823529411764, "a": 0.011764705882352941}, "nge": {"l": 0.6666666666666666, " ": 0.3333333333333333}, "gel": {" ": 0.9615384615384615, "e": 0.019230769230769235, "l": 0.019230769230769235}, "Anh": {" ": 1.0}, "Ann": {"o": 1.0}, "nno": {" ": 1.0}, " Ar": {"i": 1.0}, "Ari": {"e": 0.9523809523809526, "n": 0.023809523809523815, " ": 0.023809523809523815}, "rie": {"l": 0.9677419354838709, " ": 0.03225806451612903}, "iel": {" ": 0.49019607843137253, "e": 0.49019607843137253, "l": 0.019607843137254905}, "  B": {"e": 0.3333333333333333, "i": 0.6666666666666666}, " Be": {"n": 1.0}, "Ben": {" ": 0.01851851851851852, "t": 0.9259259259259258, "i": 0.01851851851851852, "c": 0.01851851851851852, "\u00e9": 0.01851851851851852}, "ent": {" ": 1.0}, " Bi": {"n": 1.0}, "Bin": {" ": 0.04716981132075472, "g": 0.4716981132075471, "h": 0.4716981132075471, "e": 0.009433962264150945}, "ing": {"e": 0.03571428571428572, " ": 0.9523809523809523, "a": 0.011904761904761904}, "inh": {" ": 1.0}, "  C": {"a": 0.6666666666666667, "h": 0.16666666666666669, "i": 0.16666666666666669}, " Ca": {"m": 1.0}, "Cam": {" ": 0.25, "e": 0.5, "i": 0.25}, "ame": {"r": 1.0}, "mer": {"o": 0.9677419354838709, " ": 0.03225806451612903}, "ero": {"n": 1.0}, "ron": {" ": 0.9615384615384615, "a": 0.019230769230769235, "i": 0.019230769230769235}, "ami": {"n": 0.031249999999999993, "l": 0.9374999999999998, " ": 0.031249999999999993}, "mil": {"l": 1.0}, "ill": {"e": 0.9523809523809526, "i": 0.023809523809523815, "y": 0.023809523809523815}, "lle": {"m": 0.015873015873015872, "x": 0.031746031746031744, " ": 0.9523809523809523}, " Ch": {"a": 1.0}, "Cha": {"n": 1.0}, "han": {" ": 0.3909774436090226, "d": 0.1954887218045113, "a": 0.015037593984962409, "h": 0.3909774436090226, "j": 0.007518796992481204}, "and": {"r": 1.0}, "ndr": {"a": 1.0}, "dra": {" ": 0.9302325581395349, "h": 0.023255813953488375, "n": 0.04651162790697675}, " Ci": {"h": 1.0}, "Cih": {"a": 1.0}, "iha": {"n": 1.0}, "  D": {"a": 0.4, "e": 0.2, "o": 0.2, "u": 0.2}, " Da": {"n": 0.5, "r": 0.5}, "Dan": {" ": 0.049645390070921995, "d": 0.007092198581560284, "a": 0.921985815602837, "h": 0.014184397163120569, "j": 0.007092198581560284}, "ana": {" ": 1.0}, "Dar": {"i": 0.9523809523809526, "a": 0.023809523809523815, " ": 0.023809523809523815}, "ari": {"e": 0.047619047619047616, "n": 0.47619047619047616, " ": 0.47619047619047616}, "rin": {" ": 0.9523809523809523, "g": 0.01904761904761905, "h": 0.01904761904761905, "e": 0.009523809523809525}, " De": {"n": 1.0}, "Den": {" ": 0.01851851851851852, "t": 0.01851851851851852, "i": 0.9259259259259258, "c": 0.01851851851851852, "\u00e9": 0.01851851851851852}, "eni": {"z": 0.9523809523809523, "r": 0.047619047619047616}, "niz": {" ": 1.0}, " Do": {"m": 1.0}, "Dom": {"i": 1.0}, "omi": {"n": 0.03125, "l": 0.03125, " ": 0.9375}, " Du": {"n": 1.0}, "Dun": {"g": 1.0}, "ung": {"e": 0.03571428571428572, " ": 0.9523809523809523, "a": 0.011904761904761904}, "  E": {"i": 0.4, "l": 0.6}, " Ei": {"n": 0.5, "d": 0.5}, "Ein": {" ": 0.045871559633027525, "g": 0.01834862385321101, "h": 0.01834862385321101, "e": 0.9174311926605504}, "ine": {" ": 1.0}, " El": {"i": 0.6666666666666666, "l": 0.3333333333333333}, "Eli": {" ": 0.9756097560975611, "s": 0.02439024390243903}, "Ell": {"e": 0.04651162790697675, "i": 0.9302325581395349, "y": 0.023255813953488375}, "lli": {" ": 0.06976744186046513, "s": 0.9302325581395349}, "lis": {" ": 0.9756097560975611, "s": 0.02439024390243903}, "  F": {"a": 0.5, "r": 0.5}, " Fa": {"r": 1.0}, "Far": {"i": 0.04651162790697675, "a": 0.9302325581395349, " ": 0.023255813953488375}, "ara": {" ": 0.023255813953488375, "h": 0.9302325581395349, "n": 0.04651162790697675}, "rah": {" ": 1.0}, "  G": {"a": 0.6666666666666666, "u": 0.3333333333333333}, " Ga": {"b": 1.0}, "Gab": {"r": 0.5, "y": 0.5}, "abr": {"i": 1.0}, "bri": {"e": 0.9523809523809526, "n": 0.023809523809523815, " ": 0.023809523809523815}, "ele": {"m": 0.015873015873015872, "x": 0.031746031746031744, " ": 0.9523809523809523}, "aby": {" ": 1.0}, " Gu": {"m": 1.0}, "Gum": {" ": 1.0}, "  H": {"a": 0.3333333333333333, "o": 0.3333333333333333, "v": 0.3333333333333333}, " Ha": {"d": 1.0}, "Had": {"i": 1.0}, "adi": {" ": 0.9523809523809523, "s": 0.047619047619047616}, " Ho": {"l": 1.0}, "Hol": {" ": 1.0}, "  I": {"l": 0.16666666666666669, "n": 0.6666666666666667, "s": 0.16666666666666669}, " Il": {"h": 1.0}, "Ilh": {"a": 1.0}, "lha": {"n": 1.0}, " In": {" ": 0.25, "g": 0.75}, "Ing": {"e": 0.6349206349206349, " ": 0.047619047619047616, "a": 0.31746031746031744}, "nga": {"r": 1.0}, "gar": {"i": 0.04651162790697675, "a": 0.023255813953488375, " ": 0.9302325581395349}, " Is": {"a": 1.0}, "Isa": {" ": 1.0}, "  J": {"e": 0.3333333333333333, "i": 0.3333333333333333, "o": 0.3333333333333333}, " Je": {"a": 0.5, "s": 0.5}, "Jea": {"n": 1.0}, "ean": {" ": 0.9558823529411766, "d": 0.00735294117647059, "a": 0.01470588235294118, "h": 0.01470588235294118, "j": 0.00735294117647059}, "Jes": {"u": 1.0}, "esu": {"s": 1.0}, "sus": {" ": 1.0}, " Ji": {"a": 0.5, "e": 0.5}, "Jia": {"n": 1.0}, "ian": {" ": 0.9558823529411766, "d": 0.00735294117647059, "a": 0.01470588235294118, "h": 0.01470588235294118, "j": 0.00735294117647059}, "Jie": {"l": 0.0625, " ": 0.9375}, " Jo": {"n": 0.5, "y": 0.5}, "Jon": {" ": 0.05555555555555555, "a": 0.9259259259259258, "i": 0.01851851851851852}, "ona": {" ": 1.0}, "Joy": {" ": 1.0}, "  K": {"a": 0.2, "h": 0.1, "i": 0.6, "y": 0.1}, " Ka": {"j": 0.5, "r": 0.5}, "Kaj": {" ": 0.9523809523809523, "i": 0.047619047619047616}, "Kar": {"i": 0.9523809523809526, "a": 0.023809523809523815, " ": 0.023809523809523815}, " Kh": {"a": 1.0}, "Kha": {"n": 1.0}, "anh": {" ": 1.0}, " Ki": {"m": 0.33333333333333337, "n": 0.16666666666666669, "r": 0.33333333333333337, "t": 0.16666666666666669}, "Kim": {" ": 0.5, "b": 0.5}, "imb": {"e": 1.0}, "mbe": {"r": 1.0}, "ber": {"o": 0.0625, " ": 0.9375}, "Kin": {" ": 0.9523809523809523, "g": 0.01904761904761905, "h": 0.01904761904761905, "e": 0.009523809523809525}, "Kir": {"a": 0.9677419354838709, " ": 0.03225806451612903}, "ira": {" ": 0.023809523809523808, "h": 0.023809523809523808,