{"   ": {"A": 0.14606741573033707, "B": 0.033707865168539325, "C": 0.06741573033707865, "D": 0.056179775280898875, "E": 0.056179775280898875, "F": 0.02247191011235955, "G": 0.033707865168539325, "H": 0.033707865168539325, "I": 0.06741573033707865, "J": 0.06741573033707865, "K": 0.11235955056179775, "L": 0.06741573033707865, "M": 0.02247191011235955, "N": 0.056179775280898875, "R": 0.0449438202247191, "S": 0.033707865168539325, "T": 0.02247191011235955, "V": 0.02247191011235955, "W": 0.02247191011235955, "Z": 0.011235955056179775}, "  A": {"d": 0.15384615384615385, "l": 0.46153846153846156, "m": 0.07692307692307693, "n": 0.23076923076923078, "r": 0.07692307692307693}, " Ad": {"a": 0.5, "e": 0.5}, "Ada": {"n": 1.0}, "dan": {" ": 1.0}, "Ade": {"n": 1.0}, "den": {" ": 1.0}, " Al": {"a": 0.16666666666666666, "e": 0.5, "v": 0.16666666666666666, "i": 0.16666666666666666}, "Ala": {"a": 1.0}, "laa": {" ": 1.0}, "Ale": {"m": 0.3333333333333333, "x": 0.6666666666666666}, "lem": {" ": 1.0}, "lex": {"i": 0.5, " ": 0.5}, "exi": {"s": 1.0}, "xis": {" ": 1.0}, "Alv": {"i": 1.0}, "lvi": {"n": 1.0}, "vin": {" ": 1.0}, " Am": {"i": 1.0}, "Ami": {"n": 1.0}, "min": {" ": 1.0}, " An": {"g": 0.3333333333333333, "h": 0.3333333333333333, "n": 0.3333333333333333}, "Ang": {"e": 1.0}, "nge": {"l": 0.6666666666666666, " ": 0.3333333333333333}, "gel": {" ": 1.0}, "Anh": {" ": 1.0}, "Ann": {"o": 1.0}, "nno": {" ": 1.0}, " Ar": {"i": 1.0}, "Ari": {"e": 1.0}, "rie": {"l": 1.0}, "iel": {" ": 0.5, "e": 0.5}, "  B": {"e": 0.3333333333333333, "i": 0.6666666666666666}, " Be": {"n": 1.0}, "Ben": {"t": 1.0}, "ent": {" ": 1.0}, " Bi": {"n": 1.0}, "Bin": {"g": 0.5, "h": 0.5}, "ing": {" ": 1.0}, "inh": {" ": 1.0}, "  C": {"a": 0.6666666666666666, "h": 0.16666666666666666, "i": 0.16666666666666666}, " Ca": {"m": 1.0}, "Cam": {" ": 0.25, "e": 0.5, "i": 0.25}, "ame": {"r": 1.0}, "mer": {"o": 1.0}, "ero": {"n": 1.0}, "ron": {" ": 1.0}, "ami": {"l": 1.0}, "mil": {"l": 1.0}, "ill": {"e": 1.0}, "lle": {" ": 1.0}, " Ch": {"a": 1.0}, "Cha": {"n": 1.0}, "han": {"d": 0.2, " ": 0.4, "h": 0.4}, "and": {"r": 1.0}, "ndr": {"a": 1.0}, "dra": {" ": 1.0}, " Ci": {"h": 1.0}, "Cih": {"a": 1.0}, "iha": {"n": 1.0}, "  D": {"a": 0.4, "e": 0.2, "o": 0.2, "u": 0.2}, " Da": {"n": 0.5, "r": 0.5}, "Dan": {"a": 1.0}, "ana": {" ": 1.0}, "Dar": {"i": 1.0}, "ari": {"n": 0.5, " ": 0.5}, "rin": {" ": 1.0}, " De": {"n": 1.0}, "Den": {"i": 1.0}, "eni": {"z": 1.0}, "niz": {" ": 1.0}, " Do": {"m": 1.0}, "Dom": {"i": 1.0}, "omi": {" ": 1.0}, " Du": {"n": 1.0}, "Dun": {"g": 1.0}, "ung": {" ": 1.0}, "  E": {"i": 0.4, "l": 0.6}, " Ei": {"n": 0.5, "d": 0.5}, "Ein": {"e": 1.0}, "ine": {" ": 1.0}, " El": {"i": 0.6666666666666666, "l": 0.3333333333333333}, "Eli": {" ": 1.0}, "Ell": {"i": 1.0}, "lli": {"s": 1.0}, "lis": {" ": 1.0}, "  F": {"a": 0.5, "r": 0.5}, " Fa": {"r": 1.0}, "Far": {"a": 1.0}, "ara": {"h": 1.0}, "rah": {" ": 1.0}, "  G": {"a": 0.6666666666666666, "u": 0.3333333333333333}, " Ga": {"b": 1.0}, "Gab": {"r": 0.5, "y": 0.5}, "abr": {"i": 1.0}, "bri": {"e": 1.0}, "ele": {" ": 1.0}, "aby": {" ": 1.0}, " Gu": {"m": 1.0}, "Gum": {" ": 1.0}, "  H": {"a": 0.3333333333333333, "o": 0.3333333333333333, "v": 0.3333333333333333}, " Ha": {"d": 1.0}, "Had": {"i": 1.0}, "adi": {" ": 1.0}, " Ho": {"l": 1.0}, "Hol": {" ": 1.0}, "  I": {"l": 0.16666666666666666, "n": 0.6666666666666666, "s": 0.16666666666666666}, " Il": {"h": 1.0}, "Ilh": {"a": 1.0}, "lha": {"n": 1.0}, " In": {" ": 0.25, "g": 0.75}, "Ing": {"a": 0.3333333333333333, "e": 0.6666666666666666}, "nga": {"r": 1.0}, "gar": {" ": 1.0}, " Is": {"a": 1.0}, "Isa": {" ": 1.0}, "  J": {"e": 0.3333333333333333, "i": 0.3333333333333333, "o": 0.3333333333333333}, " Je": {"a": 0.5, "s": 0.5}, "Jea": {"n": 1.0}, "ean": {" ": 1.0}, "Jes": {"u": 1.0}, "esu": {"s": 1.0}, "sus": {" ": 1.0}, " Ji": {"a": 0.5, "e": 0.5}, "Jia": {"n": 1.0}, "ian": {" ": 1.0}, "Jie": {" ": 1.0}, " Jo": {"n": 0.5, "y": 0.5}, "Jon": {"a": 1.0}, "ona": {" ": 1.0}, "Joy": {" ": 1.0}, "  K": {"a": 0.2, "h": 0.1, "i": 0.6, "y": 0.1}, " Ka": {"j": 0.5, "r": 0.5}, "Kaj": {" ": 1.0}, "Kar": {"i": 1.0}, " Kh": {"a": 1.0}, "Kha": {"n": 1.0}, "anh": {" ": 1.0}, " Ki": {"m": 0.3333333333333333, "n": 0.16666666666666666, "r": 0.3333333333333333, "t": 0.16666666666666666}, "Kim": {" ": 0.5, "b": 0.5}, "imb": {"e": 1.0}, "mbe": {"r": 1.0}, "ber": {" ": 1.0}, "Kin": {" ": 1.0}, "Kir": {"a": 1.0}, "ira": {"n": 1.0}, "ran": {" ": 1.0}, "Kit": {" ": 1.0}, " Ky": {"u": 1.0}, "Kyu": {"n": 1.0}, "yun": {"g": 1.0}, "  L": {"a": 0.16666666666666666, "e": 0.16666666666666666, "o": 0.16666666666666666, "\u00ed": 0.16666666666666666, "\u00fa": 0.3333333333333333}, " La": {"u": 1.0}, "Lau": {"r": 1.0}, "aur": {"e": 1.0}, "ure": {"n": 1.0}, "ren": {"c": 1.0}, "enc": {"e": 1.0}, "nce": {" ": 1.0}, " Le": {"l": 1.0}, "Lel": {"l": 1.0}, "ell": {"e": 1.0}, " Lo": {"v": 1.0}, "Lov": {"e": 1.0}, "ove": {" ": 1.0}, "  M": {"i": 0.5, "o": 0.5}, " Mi": {"n": 1.0}, "Min": {"h": 1.0}, " Mo": {"n": 1.0}, "Mon": {"i": 1.0}, "oni": {"r": 1.0}, "nir": {" ": 1.0}, "  N": {"a": 0.4, "i": 0.4, "o": 0.2}, " Na": {"j": 0.5, "m": 0.5}, "Naj": {"i": 1.0}, "aji": {" ": 1.0}, "Nam": {" ": 1.0}, " Ni": {"k": 0.5, "s": 0.5}, "Nik": {"i": 1.0}, "iki": {"t": 1.0}, "kit": {"a": 1.0}, "ita": {" ": 1.0}, "Nis": {"s": 1.0}, "iss": {" ": 1.0}, " No": {"u": 1.0}, "Nou": {"r": 1.0}, "our": {" ": 1.0}, "  R": {"a": 0.25, "e": 0.25, "o": 0.25, "\u00e6": 0.25}, " Ra": {"e": 1.0}, "Rae": {"d": 1.0}, "aed": {" ": 1.0}, " Re": {"n": 1.0}, "Ren": {"\u00e9": 1.0}, "en\u00e9": {" ": 1.0}, " Ro": {"b": 1.0}, "Rob": {"i": 1.0}, "obi": {"n": 1.0}, "bin": {" ": 1.0}, "  S": {"a": 0.3333333333333333, "o": 0.3333333333333333, "u": 0.3333333333333333}, " Sa": {"s": 1.0}, "Sas": {"j": 1.0}, "asj": {"a": 1.0}, "sja": {" ": 1.0}, " So": {"l": 1.0}, "Sol": {" ": 1.0}, " Su": {"a": 1.0}, "Sua": {"t": 1.0}, "uat": {" ": 1.0}, "  T": {"h": 0.5, "o": 0.5}, " Th": {"a": 1.0}, "Tha": {"n": 1.0}, " To": {"n": 1.0}, "Ton": {" ": 1.0}, "  V": {"a": 1.0}, " Va": {"l": 0.5, "n": 0.5}, "Val": {"l": 1.0}, "all": {"y": 1.0}, "lly": {" ": 1.0}, "Van": {"j": 1.0}, "anj": {"a": 1.0}, "nja": {" ": 1.0}, "  W": {"a": 0.5, "i": 0.5}, " Wa": {"i": 1.0}, "Wai": {" ": 1.0}, " Hv": {"\u00ed": 1.0}, "Hv\u00ed": {" ": 1.0}, " Wi": {"n": 1.0}, "Win": {"g": 1.0}, "  Z": {"a": 1.0}, " Za": {"n": 1.0}, "Zan": {"a": 1.0}, " L\u00ed": {" ": 1.0}, " R\u00e6": {"j": 1.0}, "R\u00e6j": {"a": 1.0}, "\u00e6ja": {" ": 1.0}, " L\u00fa": {"k": 0.5, "a": 0.5}, "L\u00fak": {"a": 1.0}, "\u00faka": {" ": 1.0}, " Fr": {"e": 1.0}, "Fre": {"y": 1.0}, "rey": {" ": 1.0}, "Ali": {" ": 1.0}, "Eid": {"i": 1.0}, "idi": {"s": 1.0}, "dis": {" ": 1.0}, "L\u00faa": {" ": 1.0}}