{"  ": {"L": 0.09408159993349445, "Z": 0.0925674110933631, "J": 0.06926671694169483, "M": 0.158419780650448, "H": 0.04596602279002654, "A": 0.16256450147559187, "N": 0.08988937514473865, "W": 0.04158972014227437, "O": 0.033365596441953124, "E": 0.03308057266028134, "G": 0.01667389122779932, "P": 0.027843260672062324, "K": 0.06296650376765811, "I": 0.01668576721870231, "B": 0.01568818398285107, "\u0141": 0.0056529716698237005, "D": 0.01324172985683493, "S": 0.00773127007784712, "U": 0.0029749357211992376, "R": 0.007066214587279626, "V": 0.002683973944075959}, " L": {"e": 0.6085584448371624, "i": 0.24873769250189345, "a": 0.1427038626609442}, "Le": {"n": 1.0}, "en": {"a": 1.0}, "na": {" ": 0.9880715010319376, "s": 0.011928498968062405}, " Z": {"u": 0.5680928860093656, "o": 0.4319071139906344}, "Zu": {"z": 1.0}, "uz": {"a": 1.0}, "za": {"n": 0.7326273990734613, "t": 0.09149569821310391, "b": 0.07238583719391131, " ": 0.07602581072137657, "l": 0.02746525479814692}, "an": {"n": 0.6113427281810978, "d": 0.22282327808979085, "a": 0.1094304517107122, "k": 0.04169107259759501, "e": 0.009750887227371396, "i": 0.004961582193432795}, "nn": {"a": 1.0}, " J": {"u": 0.783883411915988, "a": 0.1347621088726961, "o": 0.0813544792113159}, "Ju": {"l": 0.9576771653543307, "s": 0.04232283464566929}, "ul": {"i": 0.9526912181303117, "a": 0.047308781869688385}, "li": {"a": 0.6229678987693443, "c": 0.10704751155774532, "w": 0.10433442580253077, "n": 0.14683220107221148, "z": 0.010700410218566188, "v": 0.004102185661884401, "t": 0.004015366917717535}, "ia": {" ": 0.9202772353862121, "n": 0.07972276461378788}, " M": {"a": 0.8314029761235429, "i": 0.1519922036058323, "o": 0.01120731661606507, "e": 0.005397503654559766}, "Ma": {"j": 0.36314864072855146, "r": 0.44127857175059737, "g": 0.09805689554122898, "\u0142": 0.04986249492809161, "l": 0.02398449123123394, "t": 0.02366890582029665}, "aj": {"a": 1.0}, "ja": {" ": 1.0}, "Zo": {"f": 1.0}, "of": {"i": 1.0}, "fi": {"a": 1.0}, " H": {"a": 0.8276708435602635, "e": 0.17232915643973648}, "Ha": {"n": 1.0}, " A": {"l": 0.39693903641743067, "m": 0.20403988749680388, "n": 0.27705738393542023, "g": 0.07893487233809401, "d": 0.02768747488767944, "u": 0.009825766154070936, "p": 0.005515578770500786}, "Al": {"e": 0.5461488911383087, "i": 0.45385110886169133}, "le": {"k": 0.4811902059348143, "n": 0.5188097940651857}, "ek": {"s": 1.0}, "ks": {"a": 1.0}, "sa": {"n": 0.9576029962546816, " ": 0.04239700374531835}, "nd": {"r": 1.0}, "dr": {"a": 0.9280998851894374, "i": 0.07190011481056258}, "ra": {" ": 1.0}, "Am": {"e": 1.0}, "me": {"l": 1.0}, "el": {"i": 0.5918314758745088, "a": 0.32223152741093863, "e": 0.0859369967145526}, " N": {"a": 0.576958647113225, "i": 0.3794424626767076, "e": 0.04359889021006738}, "Na": {"t": 0.6447217769635906, "d": 0.35527822303640944}, "at": {"a": 0.8533003008317112, "r": 0.10024774376216598, "y": 0.04645195540612281}, "ta": {"l": 0.42030038759689925, " ": 0.4018087855297158, "r": 0.08842054263565892, "z": 0.05507105943152455, "s": 0.03439922480620155}, "al": {"i": 0.7367499756880288, "e": 0.2115141495672469, "w": 0.051735874744724304}, " W": {"i": 0.7351513420902341, "e": 0.26484865790976586}, "Wi": {"k": 1.0}, "ik": {"t": 0.411821162920899, "o": 0.31744381348476364, "a": 0.2707350235943374}, "kt": {"o": 1.0}, "to": {"r": 0.6429694111957441, "n": 0.3570305888042558}, "or": {"i": 0.6062471500227998, "n": 0.2213862289101687, "z": 0.12608299133606932, "o": 0.04628362973096215}, "ri": {"a": 0.7486963354525323, "e": 0.20058575612543753, "k": 0.026073290949353525, "n": 0.02464461747267662}, "ic": {"j": 0.7217913068930192, "h": 0.20898580418557003, "o": 0.044489975120737595, "t": 0.024732913800673204}, "cj": {"a": 1.0}, " O": {"l": 1.0}, "Ol": {"i": 0.8891261790354156, "g": 0.11087382096458445}, "iw": {"i": 1.0}, "wi": {"a": 0.9067157636331755, "n": 0.09328423636682448}, "Ni": {"k": 0.6909818941504178, "n": 0.2560933147632312, "c": 0.052924791086350974}, "ko": {"l": 1.0}, "ol": {"a": 0.7509246417013408, "i": 0.231622746185853, "o": 0.017452612112806288}, "la": {" ": 0.8160806652262163, "u": 0.06684999672624893, "n": 0.07018922281149742, "r": 0.04688011523603745}, "ar": {"i": 0.29485701739941816, "t": 0.21236072232284978, "o": 0.10999506010209123, "b": 0.07859926450408913, "a": 0.16427904934409132, "c": 0.06674350952302541, "z": 0.06010209122344805, "l": 0.013063285580986881}, " E": {"m": 0.6844372644049542, "w": 0.16675641716029438, "l": 0.1488063184347514}, "Em": {"i": 0.945187516391293, "m": 0.05481248360870705}, "mi": {"l": 0.8294604174871997, "n": 0.17053958251280033}, "il": {"i": 0.6887605148474714, "e": 0.2496199452721192, "a": 0.06161953988040945}, "An": {"n": 0.43045484508899146, "t": 0.3893210283454186, "a": 0.0899143045484509, "i": 0.0903098220171391}, "ad": {"i": 1.0}, "di": {"a": 1.0}, "nt": {"o": 1.0}, "on": {"i": 1.0}, "ni": {"n": 0.39653551765811734, "k": 0.40553242916610716, "e": 0.11601987377467436, "t": 0.02282798442325769, "a": 0.059084194977843424}, "in": {"a": 0.8451947324180443, "g": 0.09414401793219389, "i": 0.060661249649761835}, " G": {"a": 1.0}, "Ga": {"b": 1.0}, "ab": {"r": 0.7624219386369807, "e": 0.2375780613630193}, "br": {"i": 1.0}, "ie": {"l": 0.8701230688661954, "s": 0.09138517936632626, "t": 0.0384917517674784}, "rt": {"y": 0.7027655724993538, "a": 0.29723442750064616}, "ty": {"n": 0.8554117323051501, "l": 0.1445882676948499}, "yn": {"a": 1.0}, "Li": {"l": 0.8099467140319716, "d": 0.09769094138543517, "w": 0.09236234458259325}, "Mi": {"l": 0.6073982737361282, "c": 0.35215782983970406, "a": 0.040443896424167694}, "La": {"u": 1.0}, "au": {"r": 0.49003034243606414, "l": 0.2886866059817945, "d": 0.22128305158214132}, "ur": {"a": 0.8936758893280632, "e": 0.10632411067193676}, " P": {"o": 0.4743015568351461, "a": 0.5256984431648539}, "Po": {"l": 1.0}, "ag": {"d": 0.548273254348374, "o": 0.3962692210738593, "m": 0.05545752457776657}, "gd": {"a": 1.0}, "da": {"l": 0.48023846323691766, " ": 0.5197615367630823}, " K": {"a": 0.5263108261033572, "o": 0.18313843832516033, "i": 0.12674462466993588, "l": 0.1638061109015466}, "Ka": {"r": 0.42089231320551873, "t": 0.1962013975989966, "j": 0.16448665113778893, "l": 0.10947858806665473, "m": 0.10894104999104103}, "ro": {"l": 0.46987104337631885, "n": 0.4349355216881594, "t": 0.09519343493552168}, "Ko": {"r": 1.0}, "rn": {"e": 1.0}, "ne": {"l": 0.8728089887640449, "s": 0.12719101123595505}, "We": {"r": 1.0}, "er": {"o": 1.0}, "ka": {" ": 1.0}, "Ag": {"a": 0.8385006941230911, "n": 0.16149930587690883}, "ga": {"t": 0.3171158557927896, " ": 0.6828841442072103}, " I": {"g": 0.6153024911032029, "z": 0.3113879003558719, "n": 0.07330960854092526}, "Ig": {"a": 1.0}, "Ja": {"g": 1.0}, "go": {"d": 0.5870052277819268, "r": 0.4129947722180732}, "od": {"a": 1.0}, " B": {"a": 0.5420136260408781, "l": 0.35124905374716126, "i": 0.10673732021196064}, "Ba": {"r": 1.0}, "rb": {"a": 1.0}, "ba": {"r": 1.0}, "ch": {"a": 1.0}, "ha": {"l": 1.0}, "Ki": {"n": 1.0}, "ng": {"a": 1.0}, "He": {"l": 1.0}, "Pa": {"u": 0.5403651115618662, "t": 0.4596348884381339}, "rc": {"e": 1.0}, "ce": {"l": 1.0}, "tr": {"y": 1.0}, "ry": {"c": 1.0}, "yc": {"j": 1.0}, "a\u0142": {"g": 1.0}, "\u0142g": {"o": 1.0}, "rz": {"a": 0.5024988641526579, "y": 0.4975011358473421}, "zy": {"n": 1.0}, "Kl": {"a": 1.0}, "ud": {"i": 1.0}, " \u0141": {"u": 1.0}, "\u0141u": {"c": 1.0}, "uc": {"j": 1.0}, "Jo": {"a": 1.0}, "oa": {"n": 1.0}, "Bl": {"a": 1.0}, "nk": {"a": 1.0}, "Iz": {"a": 1.0}, "be": {"l": 1.0}, " D": {"o": 0.5704035874439461, "a": 0.3506726457399103, "i": 0.07892376681614349}, "Do": {"m": 0.6808176100628931, "r": 0.3191823899371069}, "om": {"i": 1.0}, "Ew": {"a": 0.8127018299246501, "e": 0.18729817007534985}, "wa": {" ": 1.0}, "as": {"t": 0.6155234657039711, "z": 0.3844765342960289}, "st": {"a": 0.6379794200187091, "y": 0.36202057998129095}, "az": {"j": 1.0}, "zj": {"a": 1.0}, "Ne": {"l": 1.0}, " S": {"a": 0.8886328725038403, "o": 0.11136712749615975}, "Sa": {"r": 0.54019014693172, "n": 0.45980985306828004},