{"   ": {"L": 0.09408159993349445, "Z": 0.0925674110933631, "J": 0.06926671694169483, "M": 0.158419780650448, "H": 0.04596602279002654, "A": 0.16256450147559187, "N": 0.08988937514473865, "W": 0.04158972014227437, "O": 0.033365596441953124, "E": 0.03308057266028134, "G": 0.01667389122779932, "P": 0.027843260672062324, "K": 0.06296650376765811, "I": 0.01668576721870231, "B": 0.01568818398285107, "\u0141": 0.0056529716698237005, "D": 0.01324172985683493, "S": 0.00773127007784712, "U": 0.0029749357211992376, "R": 0.007066214587279626, "V": 0.002683973944075959}, "  L": {"e": 0.6085584448371624, "i": 0.24873769250189345, "a": 0.1427038626609442}, " Le": {"n": 1.0}, "Len": {"a": 1.0}, "ena": {" ": 1.0}, "  Z": {"u": 0.5680928860093656, "o": 0.4319071139906344}, " Zu": {"z": 1.0}, "Zuz": {"a": 1.0}, "uza": {"n": 1.0}, "zan": {"n": 1.0}, "ann": {"a": 1.0}, "nna": {" ": 1.0}, "  J": {"u": 0.783883411915988, "a": 0.1347621088726961, "o": 0.0813544792113159}, " Ju": {"l": 0.9576771653543307, "s": 0.04232283464566929}, "Jul": {"i": 1.0}, "uli": {"a": 0.8496382198433938, "n": 0.1320249776984835, "t": 0.01833680245812271}, "lia": {" ": 0.8887882377534666, "n": 0.11121176224653334}, "  M": {"a": 0.8314029761235429, "i": 0.1519922036058323, "o": 0.01120731661606507, "e": 0.005397503654559766}, " Ma": {"j": 0.36314864072855146, "r": 0.44127857175059737, "g": 0.09805689554122898, "\u0142": 0.04986249492809161, "l": 0.02398449123123394, "t": 0.02366890582029665}, "Maj": {"a": 1.0}, "aja": {" ": 1.0}, " Zo": {"f": 1.0}, "Zof": {"i": 1.0}, "ofi": {"a": 1.0}, "fia": {" ": 1.0}, "  H": {"a": 0.8276708435602635, "e": 0.17232915643973648}, " Ha": {"n": 1.0}, "Han": {"n": 1.0}, "  A": {"l": 0.39693903641743067, "m": 0.20403988749680388, "n": 0.27705738393542023, "g": 0.07893487233809401, "d": 0.02768747488767944, "u": 0.009825766154070936, "p": 0.005515578770500786}, " Al": {"e": 0.5461488911383087, "i": 0.45385110886169133}, "Ale": {"k": 1.0}, "lek": {"s": 1.0}, "eks": {"a": 1.0}, "ksa": {"n": 1.0}, "san": {"d": 0.9285043804755945, "a": 0.0714956195244055}, "and": {"r": 1.0}, "ndr": {"a": 1.0}, "dra": {" ": 1.0}, " Am": {"e": 1.0}, "Ame": {"l": 1.0}, "mel": {"i": 1.0}, "eli": {"a": 0.8486992489387177, "n": 0.15130075106128224}, "  N": {"a": 0.576958647113225, "i": 0.3794424626767076, "e": 0.04359889021006738}, " Na": {"t": 0.6447217769635906, "d": 0.35527822303640944}, "Nat": {"a": 1.0}, "ata": {"l": 0.5397138116963915, " ": 0.3025715470759021, "r": 0.11354209871422646, "s": 0.044172542513479886}, "tal": {"i": 1.0}, "ali": {"a": 0.7308606124604012, "n": 0.2691393875395987}, "  W": {"i": 0.7351513420902341, "e": 0.26484865790976586}, " Wi": {"k": 1.0}, "Wik": {"t": 1.0}, "ikt": {"o": 1.0}, "kto": {"r": 1.0}, "tor": {"i": 1.0}, "ori": {"a": 1.0}, "ria": {" ": 0.9158477244537735, "n": 0.08415227554622651}, "Ali": {"c": 1.0}, "lic": {"j": 1.0}, "icj": {"a": 1.0}, "cja": {" ": 1.0}, "  O": {"l": 1.0}, " Ol": {"i": 0.8891261790354156, "g": 0.11087382096458445}, "Oli": {"w": 0.9621697357886309, "v": 0.0378302642113691}, "liw": {"i": 1.0}, "iwi": {"a": 1.0}, "wia": {" ": 1.0}, " Ni": {"k": 0.6909818941504178, "n": 0.2560933147632312, "c": 0.052924791086350974}, "Nik": {"o": 1.0}, "iko": {"l": 1.0}, "kol": {"a": 1.0}, "ola": {" ": 1.0}, "Mar": {"i": 0.4561708214139763, "t": 0.39527993461381283, "c": 0.12423375561912546, "l": 0.02431548835308541}, "ari": {"a": 0.8678332092330603, "k": 0.06794489947877885, "n": 0.06422189128816083}, "  E": {"m": 0.6844372644049542, "w": 0.16675641716029438, "l": 0.1488063184347514}, " Em": {"i": 0.945187516391293, "m": 0.05481248360870705}, "Emi": {"l": 1.0}, "mil": {"i": 0.855650522317189, "a": 0.144349477682811}, "ili": {"a": 1.0}, " An": {"n": 0.43045484508899146, "t": 0.3893210283454186, "a": 0.0899143045484509, "i": 0.0903098220171391}, "Ann": {"a": 1.0}, "Nad": {"i": 1.0}, "adi": {"a": 1.0}, "dia": {" ": 1.0}, "Ant": {"o": 1.0}, "nto": {"n": 1.0}, "ton": {"i": 1.0}, "oni": {"n": 0.54654821395521, "k": 0.39866740699611325, "a": 0.05478437904867666}, "nin": {"a": 1.0}, "ina": {" ": 1.0}, "  G": {"a": 1.0}, " Ga": {"b": 1.0}, "Gab": {"r": 1.0}, "abr": {"i": 1.0}, "bri": {"e": 1.0}, "rie": {"l": 1.0}, "iel": {"a": 1.0}, "ela": {" ": 0.9712115153938424, "n": 0.028788484606157537}, "art": {"y": 0.7027655724993538, "a": 0.29723442750064616}, "rty": {"n": 1.0}, "tyn": {"a": 1.0}, "yna": {" ": 1.0}, " Li": {"l": 0.8099467140319716, "d": 0.09769094138543517, "w": 0.09236234458259325}, "Lil": {"i": 1.0}, "ian": {"a": 0.5999558693733451, "n": 0.337819947043248, "k": 0.06222418358340689}, "ana": {" ": 1.0}, " Mi": {"l": 0.6073982737361282, "c": 0.35215782983970406, "a": 0.040443896424167694}, "Mil": {"e": 1.0}, "ile": {"n": 1.0}, "len": {"a": 1.0}, " La": {"u": 1.0}, "Lau": {"r": 1.0}, "aur": {"a": 1.0}, "ura": {" ": 1.0}, "  P": {"o": 0.4743015568351461, "a": 0.5256984431648539}, " Po": {"l": 1.0}, "Pol": {"a": 1.0}, "Mag": {"d": 1.0}, "agd": {"a": 1.0}, "gda": {"l": 1.0}, "dal": {"e": 1.0}, "ale": {"n": 1.0}, "  K": {"a": 0.5263108261033572, "o": 0.18313843832516033, "i": 0.12674462466993588, "l": 0.1638061109015466}, " Ka": {"r": 0.42089231320551873, "t": 0.1962013975989966, "j": 0.16448665113778893, "l": 0.10947858806665473, "m": 0.10894104999104103}, "Kar": {"o": 0.8531289910600255, "i": 0.14687100893997446}, "aro": {"l": 1.0}, "rol": {"i": 1.0}, "oli": {"n": 1.0}, "lin": {"a": 1.0}, " Ko": {"r": 1.0}, "Kor": {"n": 1.0}, "orn": {"e": 1.0}, "rne": {"l": 1.0}, "nel": {"i": 1.0}, " We": {"r": 1.0}, "Wer": {"o": 1.0}, "ero": {"n": 1.0}, "ron": {"i": 1.0}, "nik": {"a": 1.0}, "ika": {" ": 1.0}, " Ag": {"a": 0.8385006941230911, "n": 0.16149930587690883}, "Aga": {"t": 1.0}, "gat": {"a": 1.0}, "  I": {"g": 0.6153024911032029, "z": 0.3113879003558719, "n": 0.07330960854092526}, " Ig": {"a": 1.0}, "Iga": {" ": 1.0}, " Ja": {"g": 1.0}, "Jag": {"o": 1.0}, "ago": {"d": 1.0}, "god": {"a": 1.0}, "oda": {" ": 1.0}, "Nin": {"a": 1.0}, "  B": {"a": 0.5420136260408781, "l": 0.35124905374716126, "i": 0.10673732021196064}, " Ba": {"r": 1.0}, "Bar": {"b": 1.0}, "arb": {"a": 1.0}, "rba": {"r": 1.0}, "bar": {"a": 1.0}, "ara": {" ": 1.0}, "Mic": {"h": 1.0}, "ich": {"a": 1.0}, "cha": {"l": 1.0}, "hal": {"i": 1.0}, " Ki": {"n": 1.0}, "Kin": {"g": 1.0}, "ing": {"a": 1.0}, "nga": {" ": 1.0}, " He": {"l": 1.0}, "Hel": {"e": 1.0}, "ele": {"n": 1.0}, " Pa": {"u": 0.5403651115618662, "t": 0.4596348884381339}, "Pau": {"l": 1.0}, "aul": {"i": 1.0}, "arc": {"e": 1.0}, "rce": {"l": 1.0}, "cel": {"i": 1.0}, "rta": {" ": 1.0}, "Pat": {"r": 1.0}, "atr": {"y": 1.0}, "try": {"c": 1.0}, "ryc": {"j": 1.0}, "ycj": {"a": 1.0}, "Ma\u0142": {"g": 1.0}, "a\u0142g": {"o": 1.0}, "\u0142go": {"r": 1.0}, "gor": {"z": 1.0}, "orz": {"a": 1.0}, "rza": {"t": 1.0}, "zat": {"a": 1.0}, "Kat": {"a": 1.0}, "tar": {"z": 1.0}, "arz": {"y": 1.0}, "rzy": {"n": 1.0}, "zyn": {"a": 1.0}, " Kl": {"a": 1.0}, "Kla": {"u": 0.5877950489349453, "r": 0.41220495106505467}, "lau": {"d": 1.0}, "aud": {"i": 1.0}, "udi": {"a": 1.0}, "  \u0141": {"u": 1.0}, " \u0141u": {"c": 1.0}, "\u0141uc": {"j": 1.0}, "ucj": {"a": 1.0}, " Jo": {"a": 1.0}, "Joa": {"n": 1.0}, "oan": {"n": 1.0}, " Bl": {"a": 1.0}, "Bla": {"n": 1.0}, "lan": {"k": 0.8656716417910447, "i": 0.13432835820895522}, "ank": {"a": 1.0}, "nka": {" ": 1.0}, "Kaj": {"a": 1.0}, " Iz": {"a": 1.0}, "Iza": {"b": 1.0}, "zab": {"e": 1.0}, "abe": {"l": 1.0}, "bel": {"a": 1.0}, "  D": {"o": 0.5704035874439461, "a": 0.3506726457399103, "i": 0.07892376681614349}, " Do": {"m": 0.6808176100628931, "r": 0.3191823899371069}, "Dom": {"i": 1.0}, "omi": {"n": 1.0}, "min": {"i": 1.0}, "ini": {"k": 1.0}, " Ew": {"a": 0.8127018299246501, "e": 0.18729817007534985}, "Ewa": {" ": 1.0}, "lar": {"a": 1.0}, "Ana": {"s": 1.0}, "nas": {"t": 1.0}, "ast": {"a": 1.0}, "sta": {"z": 1.0}, "taz": {"j": 1.0}, "azj": {"a": 1.0}, "zja": {" ": 1.0}, " Ne": {"l": 1.0}, "Nel": {"a": 1.0}, "  S": {"a": 0.8886328725038403, "o": 0.11136712749615975}, " Sa": {"r": 0.54019014693172, "n": 0.45980985306828004},