{"   ": {"J": 0.10522920883471608, "K": 0.10807624724749217, "A": 0.1267599368313352, "F": 0.07705353766765274, "S": 0.05984897350919727, "M": 0.1515380680175271, "W": 0.05059053804577504, "P": 0.04726528614960297, "B": 0.044484975199626325, "I": 0.03022754064814609, "D": 0.03906336884717187, "O": 0.03441468893881092, "T": 0.035176494139104515, "N": 0.027347138503970286, "L": 0.01262261171289397, "H": 0.01084877332680887, "G": 0.014869102960475099, "\u0141": 0.005199181476456327, "E": 0.00615004782134834, "R": 0.009675482105918726, "C": 0.003558798015970106}, "  J": {"a": 0.8687381103360812, "u": 0.09400760938490806, "e": 0.018389346861128725, "\u00f3": 0.009881631790319171, "\u0119": 0.008983301627562883}, " Ja": {"k": 0.5706812652068126, "n": 0.41465936739659365, "c": 0.014659367396593674}, "Jak": {"u": 1.0}, "aku": {"b": 1.0}, "kub": {" ": 1.0}, "  K": {"a": 0.6606812101255403, "r": 0.16906770940522742, "s": 0.07378061329491666, "u": 0.03498662276188516, "o": 0.061483844412430544}, " Ka": {"c": 0.563196012771591, "r": 0.20901798925317344, "m": 0.14671754536251072, "j": 0.06673935051787244, "z": 0.014329102094852426}, "Kac": {"p": 1.0}, "acp": {"e": 1.0}, "cpe": {"r": 1.0}, "per": {" ": 1.0}, "  A": {"n": 0.32672398666432706, "l": 0.3728724337603088, "d": 0.2537287243376031, "r": 0.046674855237761013}, " An": {"t": 0.9590494092373791, "d": 0.040950590762620837}, "Ant": {"o": 1.0}, "nto": {"n": 1.0}, "ton": {"i": 1.0}, "oni": {" ": 1.0}, "  F": {"i": 0.49815977484303964, "r": 0.37085949339683916, "a": 0.13098073176012123}, " Fi": {"l": 1.0}, "Fil": {"i": 1.0}, "ili": {"p": 0.7179407176287051, "a": 0.28205928237129485}, "lip": {" ": 1.0}, "Jan": {" ": 1.0}, "  S": {"z": 0.5678714113165474, "t": 0.28189166589240916, "e": 0.1502369227910434}, " Sz": {"y": 1.0}, "Szy": {"m": 1.0}, "zym": {"o": 1.0}, "ymo": {"n": 0.833188058400523, "t": 0.16681194159947701}, "mon": {" ": 1.0}, " Fr": {"a": 1.0}, "Fra": {"n": 1.0}, "ran": {"c": 1.0}, "anc": {"i": 1.0}, "nci": {"s": 1.0}, "cis": {"z": 1.0}, "isz": {"e": 1.0}, "sze": {"k": 1.0}, "zek": {" ": 1.0}, "  M": {"i": 0.47695581975634815, "a": 0.5230441802436518}, " Mi": {"c": 0.38498230496999536, "k": 0.36828742883520543, "\u0142": 0.20872441914140638, "l": 0.019464533005077705, "e": 0.018541314048315126}, "Mic": {"h": 1.0}, "ich": {"a": 1.0}, "cha": {"\u0142": 1.0}, "ha\u0142": {" ": 1.0}, "  W": {"o": 0.5450648494174544, "i": 0.45493515058254563}, " Wo": {"j": 1.0}, "Woj": {"c": 1.0}, "ojc": {"i": 1.0}, "jci": {"e": 1.0}, "cie": {"c": 0.6635889201124047, "j": 0.33641107988759533}, "iec": {"h": 1.0}, "ech": {" ": 1.0}, " Al": {"e": 0.6864705882352942, "a": 0.3135294117647059}, "Ale": {"k": 0.900942587832048, "x": 0.09905741216795201}, "lek": {"s": 1.0}, "eks": {"a": 0.9313296556971656, " ": 0.06867034430283432}, "ksa": {"n": 1.0}, "san": {"d": 1.0}, "and": {"e": 1.0}, "nde": {"r": 1.0}, "der": {" ": 1.0}, "Mik": {"o": 1.0}, "iko": {"\u0142": 0.6761299435028248, "d": 0.32387005649717515}, "ko\u0142": {"a": 1.0}, "o\u0142a": {"j": 1.0}, "\u0142aj": {" ": 1.0}, " Ad": {"a": 0.8093015214384509, "r": 0.1906984785615491}, "Ada": {"m": 1.0}, "dam": {" ": 1.0}, "  P": {"i": 0.48811764705882354, "a": 0.44376470588235295, "r": 0.06811764705882353}, " Pi": {"o": 1.0}, "Pio": {"t": 1.0}, "iot": {"r": 1.0}, "otr": {" ": 1.0}, " Ma": {"t": 0.27907955661568684, "r": 0.3542865160656658, "k": 0.19026238248912586, "c": 0.17637154482952153}, "Mat": {"e": 1.0}, "ate": {"u": 1.0}, "teu": {"s": 1.0}, "eus": {"z": 1.0}, "usz": {" ": 1.0}, "  B": {"a": 0.696625, "\u0142": 0.113, "o": 0.099875, "r": 0.0905}, " Ba": {"r": 1.0}, "Bar": {"t": 1.0}, "art": {"o": 0.706800645971649, "\u0142": 0.29319935402835096}, "rto": {"s": 1.0}, "tos": {"z": 1.0}, "osz": {" ": 1.0}, "  I": {"g": 0.9571376011773363, "w": 0.042862398822663725}, " Ig": {"o": 0.7293868921775899, "n": 0.27061310782241016}, "Igo": {"r": 1.0}, "gor": {" ": 0.8437083148065807, "z": 0.1562916851934193}, " Wi": {"k": 0.9072239671418217, "t": 0.0927760328581783}, "Wik": {"t": 1.0}, "ikt": {"o": 1.0}, "kto": {"r": 1.0}, "tor": {" ": 1.0}, "Mar": {"c": 0.92, "e": 0.08}, "arc": {"e": 0.8041325871717606, "i": 0.19586741282823936}, "rce": {"l": 1.0}, "cel": {" ": 1.0}, "  D": {"a": 0.6374377224199288, "o": 0.3625622775800712}, " Da": {"w": 0.674631531933899, "n": 0.16659222867351497, "m": 0.15877623939258598}, "Daw": {"i": 1.0}, "awi": {"d": 1.0}, "wid": {" ": 1.0}, " St": {"a": 0.9222148978246539, "e": 0.07778510217534608}, "Sta": {"n": 1.0}, "tan": {"i": 0.5321188878235859, " ": 0.43288590604026844, "t": 0.034995206136145734}, "ani": {"s": 0.6864573110893032, "e": 0.31354268891069675}, "nis": {"\u0142": 1.0}, "is\u0142": {"a": 1.0}, "s\u0142a": {"w": 1.0}, "\u0142aw": {" ": 1.0}, "Mi\u0142": {"o": 1.0}, "i\u0142o": {"s": 1.0}, "\u0142os": {"z": 1.0}, "Mak": {"s": 1.0}, "aks": {"y": 1.0}, "ksy": {"m": 1.0}, "sym": {"i": 1.0}, "ymi": {"l": 1.0}, "mil": {"i": 0.5431604245944323, " ": 0.4568395754055678}, "lia": {"n": 1.0}, "ian": {" ": 1.0}, "Kar": {"o": 1.0}, "aro": {"l": 1.0}, "rol": {" ": 1.0}, "Ala": {"n": 1.0}, "lan": {" ": 1.0}, "  O": {"l": 0.5881402488285669, "s": 0.4118597511714332}, " Ol": {"i": 0.8255494505494505, "a": 0.17445054945054944}, "Oli": {"w": 0.8505823627287854, "v": 0.14941763727121465}, "liw": {"i": 1.0}, "iwi": {"e": 1.0}, "wie": {"r": 1.0}, "ier": {" ": 0.9423016619629978, "z": 0.057698338037002195}, " Os": {"k": 1.0}, "Osk": {"a": 1.0}, "ska": {"r": 1.0}, "kar": {" ": 1.0}, "Mac": {"i": 1.0}, "aci": {"e": 1.0}, "iej": {" ": 1.0}, "  T": {"o": 0.45874170091685107, "y": 0.484666455896301, "a": 0.05659184318684793}, " To": {"m": 0.8273604410751206, "b": 0.1726395589248794}, "Tom": {"a": 1.0}, "oma": {"s": 1.0}, "mas": {"z": 1.0}, "asz": {" ": 1.0}, " Do": {"m": 0.906556733411857, "r": 0.0934432665881429}, "Dom": {"i": 1.0}, "omi": {"n": 0.5855947248288106, "e": 0.41440527517118947}, "min": {"i": 1.0}, "ini": {"k": 1.0}, "nik": {" ": 1.0}, "  N": {"i": 0.46624644164294426, "a": 0.4847498983326555, "o": 0.04900366002440016}, " Ni": {"k": 1.0}, "Nik": {"o": 1.0}, "kod": {"e": 1.0}, "ode": {"m": 1.0}, "dem": {" ": 1.0}, " Kr": {"z": 0.657334144856969, "y": 0.34266585514303105}, "Krz": {"y": 1.0}, "rzy": {"s": 0.861244019138756, " ": 0.13875598086124402}, "zys": {"z": 1.0}, "ysz": {"t": 0.9133192389006343, "a": 0.08668076109936575}, "szt": {"o": 1.0}, "zto": {"f": 1.0}, "tof": {" ": 1.0}, " Pa": {"w": 0.5575291622481442, "t": 0.4424708377518558}, "Paw": {"e": 1.0}, "awe": {"\u0142": 0.5945716709075488, "r": 0.40542832909245125}, "we\u0142": {" ": 1.0}, "  L": {"e": 1.0}, " Le": {"o": 1.0}, "Leo": {"n": 1.0}, "eon": {" ": 0.9035242290748898, "a": 0.09647577092511013}, "  H": {"u": 1.0}, " Hu": {"b": 1.0}, "Hub": {"e": 1.0}, "ube": {"r": 1.0}, "ber": {"t": 1.0}, "ert": {" ": 1.0}, "Kam": {"i": 1.0}, "ami": {"l": 0.7260115606936416, "a": 0.27398843930635836}, " Na": {"t": 1.0}, "Nat": {"a": 1.0}, "ata": {"n": 1.0}, " Fa": {"b": 1.0}, "Fab": {"i": 1.0}, "abi": {"a": 1.0}, "bia": {"n": 0.783678756476684, "s": 0.21632124352331605}, "Pat": {"r": 1.0}, "atr": {"y": 1.0}, "try": {"k": 1.0}, "ryk": {" ": 1.0}, "rt\u0142": {"o": 1.0}, "t\u0142o": {"m": 1.0}, "\u0142om": {"i": 1.0}, "mie": {"j": 0.8987898789878987, "r": 0.10121012101210121}, " Ju": {"l": 1.0}, "Jul": {"i": 1.0}, "uli": {"a": 0.8842046093310849, "u": 0.11579539066891512}, " Ty": {"m": 1.0}, "Tym": {"o": 1.0}, "mot": {"e": 1.0}, "ote": {"u": 1.0}, " Ks": {"a": 1.0}, "Ksa": {"w": 1.0}, "saw": {"e": 1.0}, "wer": {"y": 1.0}, "ery": {" ": 0.8701456310679612, "n": 0.12985436893203883}, "Ign": {"a": 1.0}, "gna": {"c": 1.0}, "nac": {"y": 1.0}, "acy": {" ": 1.0}, " Se": {"b": 0.8676561533704391, "w": 0.13234384662956092}, "Seb": {"a": 1.0}, "eba": {"s": 1.0}, "bas": {"t": 1.0}, "ast": {"i": 1.0}, "sti": {"a": 1.0}, "tia": {"n": 1.0}, "  G": {"a": 0.5205684367988033, "r": 0.3949139865370232, "u": 0.08451757666417352}, " Ga": {"b": 1.0}, "Gab": {"r": 1.0}, "abr": {"i": 1.0}, "bri": {"e": 1.0}, "rie": {"l": 1.0},