{"  ": {"J": 0.10522920883471608, "K": 0.10807624724749217, "A": 0.1267599368313352, "F": 0.07705353766765274, "S": 0.05984897350919727, "M": 0.1515380680175271, "W": 0.05059053804577504, "P": 0.04726528614960297, "B": 0.044484975199626325, "I": 0.03022754064814609, "D": 0.03906336884717187, "O": 0.03441468893881092, "T": 0.035176494139104515, "N": 0.027347138503970286, "L": 0.01262261171289397, "H": 0.01084877332680887, "G": 0.014869102960475099, "\u0141": 0.005199181476456327, "E": 0.00615004782134834, "R": 0.009675482105918726, "C": 0.003558798015970106}, " J": {"a": 0.8687381103360812, "u": 0.09400760938490806, "e": 0.018389346861128725, "\u00f3": 0.009881631790319171, "\u0119": 0.008983301627562883}, "Ja": {"k": 0.5706812652068126, "n": 0.41465936739659365, "c": 0.014659367396593674}, "ak": {"u": 0.7757565735075244, "s": 0.2242434264924756}, "ku": {"b": 1.0}, "ub": {" ": 0.7809872637975527, "e": 0.16240739199200865, "a": 0.05660534421043869}, " K": {"a": 0.6606812101255403, "r": 0.16906770940522742, "s": 0.07378061329491666, "u": 0.03498662276188516, "o": 0.061483844412430544}, "Ka": {"c": 0.563196012771591, "r": 0.20901798925317344, "m": 0.14671754536251072, "j": 0.06673935051787244, "z": 0.014329102094852426}, "ac": {"p": 0.6155941436840313, "i": 0.2139938712972421, "y": 0.1198501872659176, "j": 0.030047667688117126, "e": 0.02051413006469186}, "cp": {"e": 1.0}, "pe": {"r": 1.0}, "er": {" ": 0.7628112729260897, "t": 0.12883344102589592, "y": 0.08191261991152642, "z": 0.026442666136487897}, " A": {"n": 0.32672398666432706, "l": 0.3728724337603088, "d": 0.2537287243376031, "r": 0.046674855237761013}, "An": {"t": 0.9590494092373791, "d": 0.040950590762620837}, "nt": {"o": 0.9702526487367563, "y": 0.029747351263243682}, "to": {"n": 0.4109659973534319, "s": 0.22662677636499626, "r": 0.21604050399861918, "f": 0.12427363212703527, "l": 0.022093090155917382}, "on": {"i": 0.39934030301336165, " ": 0.5421814725778499, "r": 0.03399116676916196, "s": 0.012243528819813273, "a": 0.012243528819813273}, "ni": {" ": 0.5280159668835009, "s": 0.20683027794204611, "k": 0.1706830277942046, "e": 0.09447072738024838}, " F": {"i": 0.49815977484303964, "r": 0.37085949339683916, "a": 0.13098073176012123}, "Fi": {"l": 1.0}, "il": {"i": 0.7914231624001975, " ": 0.18775207836035887, "a": 0.020824759239443574}, "li": {"p": 0.47940829224251685, "a": 0.29759011042433503, "w": 0.17751232724494756, "v": 0.031182721022293216, "u": 0.014306549065907354}, "ip": {" ": 1.0}, "an": {" ": 0.6237972064148991, "c": 0.13292809105018105, "d": 0.1321779617175375, "i": 0.10543197102948784, "t": 0.005664769787894464}, " S": {"z": 0.5678714113165474, "t": 0.28189166589240916, "e": 0.1502369227910434}, "Sz": {"y": 1.0}, "zy": {"m": 0.7090487238979118, "s": 0.2505800464037123, " ": 0.04037122969837587}, "ym": {"o": 0.7719091673675358, "i": 0.22809083263246427}, "mo": {"n": 0.833188058400523, "t": 0.16681194159947701}, "Fr": {"a": 1.0}, "ra": {"n": 0.8110795454545454, "d": 0.09595959595959595, "c": 0.05571338383838384, "j": 0.037247474747474744}, "nc": {"i": 1.0}, "ci": {"s": 0.3800473302765863, "e": 0.552654932702263, "n": 0.06729773702115072}, "is": {"z": 0.6474738566208895, "\u0142": 0.3525261433791105}, "sz": {"e": 0.20899589247224368, " ": 0.685021757696531, "t": 0.08784415795680996, "k": 0.009801130586847777, "a": 0.008337061287567612}, "ze": {"k": 0.7255400254129606, "g": 0.09925172949315261, "m": 0.0817450232952139, "j": 0.06706197938726528, "f": 0.026401242411407597}, "ek": {" ": 0.5238655918847931, "s": 0.47613440811520696}, " M": {"i": 0.47695581975634815, "a": 0.5230441802436518}, "Mi": {"c": 0.38498230496999536, "k": 0.36828742883520543, "\u0142": 0.20872441914140638, "l": 0.019464533005077705, "e": 0.018541314048315126}, "ic": {"h": 1.0}, "ch": {"a": 0.5022583559168925, " ": 0.4977416440831075}, "ha": {"\u0142": 1.0}, "a\u0142": {" ": 1.0}, " W": {"o": 0.5450648494174544, "i": 0.45493515058254563}, "Wo": {"j": 1.0}, "oj": {"c": 1.0}, "jc": {"i": 1.0}, "ie": {"c": 0.3260998224501874, "r": 0.2097060564213849, "j": 0.27276911948444793, "l": 0.1755770368909055, "s": 0.01584796475307424}, "ec": {"h": 1.0}, "Al": {"e": 0.6864705882352942, "a": 0.3135294117647059}, "le": {"k": 0.900942587832048, "x": 0.09905741216795201}, "ks": {"a": 0.6143807253105785, "y": 0.3403187350985067, " ": 0.0453005395909148}, "sa": {"n": 0.7734597156398104, "w": 0.22654028436018958}, "nd": {"e": 0.9436749769159741, "r": 0.05632502308402586}, "de": {"r": 0.6584203066615127, "m": 0.2954516170596573, "u": 0.046128076278830046}, "ik": {"o": 0.5386488131466829, "t": 0.28568167985392573, " ": 0.17566950699939135}, "ko": {"\u0142": 0.6538724218003005, "d": 0.31320857806310615, " ": 0.03291900013659336}, "o\u0142": {"a": 1.0}, "\u0142a": {"j": 0.49932199853968917, "w": 0.40638364451861897, "\u017c": 0.09429435694169187}, "aj": {" ": 0.8141156462585034, "e": 0.14574829931972788, "a": 0.04013605442176871}, "Ad": {"a": 0.8093015214384509, "r": 0.1906984785615491}, "da": {"m": 1.0}, "am": {" ": 0.6433479934029687, "i": 0.35665200659703133}, " P": {"i": 0.48811764705882354, "a": 0.44376470588235295, "r": 0.06811764705882353}, "Pi": {"o": 1.0}, "io": {"t": 1.0}, "ot": {"r": 0.7304577464788733, "e": 0.26954225352112676}, "tr": {" ": 0.7131316603643864, "y": 0.2868683396356136}, "Ma": {"t": 0.27907955661568684, "r": 0.3542865160656658, "k": 0.19026238248912586, "c": 0.17637154482952153}, "at": {"e": 0.49533059394844975, "a": 0.29684970738388744, "r": 0.2078196986676628}, "te": {"u": 0.9589208006962576, "f": 0.04107919930374238}, "eu": {"s": 1.0}, "us": {"z": 0.9656587144810819, "t": 0.034341285518918095}, " B": {"a": 0.696625, "\u0142": 0.113, "o": 0.099875, "r": 0.0905}, "Ba": {"r": 1.0}, "ar": {"t": 0.3326369822132028, "c": 0.27730691178226097, "o": 0.1602005491225976, " ": 0.15214277187537303, "y": 0.028291751223588398, "e": 0.0241136445028053, "d": 0.0253073892801719}, "rt": {"o": 0.44025930479490333, " ": 0.2897060467195708, "\u0142": 0.18263104951380352, "u": 0.08740359897172237}, "os": {"z": 0.9276251568818854, "\u0142": 0.07237484311811462}, " I": {"g": 0.9571376011773363, "w": 0.042862398822663725}, "Ig": {"o": 0.7293868921775899, "n": 0.27061310782241016}, "go": {"r": 1.0}, "or": {" ": 0.7627033033639762, "y": 0.08071522375997575, "z": 0.0710172744721689, "n": 0.037175472269926256, "b": 0.024345893524598445, "i": 0.02404283260935448}, "Wi": {"k": 0.9072239671418217, "t": 0.0927760328581783}, "kt": {"o": 1.0}, "rc": {"e": 0.8041325871717606, "i": 0.19586741282823936}, "ce": {"l": 0.9394015589640432, "k": 0.060598441035956754}, "el": {" ": 1.0}, " D": {"a": 0.6374377224199288, "o": 0.3625622775800712}, "Da": {"w": 0.674631531933899, "n": 0.16659222867351497, "m": 0.15877623939258598}, "aw": {"i": 0.28286516853932586, " ": 0.38595505617977527, "e": 0.33117977528089887}, "wi": {"d": 0.5416890801506186, "e": 0.4583109198493814}, "id": {" ": 1.0}, "St": {"a": 0.9222148978246539, "e": 0.07778510217534608}, "ta": {"n": 0.9651449722393585, "w": 0.03485502776064158}, "s\u0142": {"a": 1.0}, "i\u0142": {"o": 1.0}, "\u0142o": {"s": 0.6241085806303197, "m": 0.37589141936968024}, "sy": {"m": 1.0}, "mi": {"l": 0.5078832265283287, "n": 0.23486929101820772, "e": 0.18492523649679585, "a": 0.07232224595666768}, "ia": {"n": 0.9558512513218188, "s": 0.04414874867818118}, "ro": {"l": 1.0}, "ol": {" ": 0.8748370273794003, "d": 0.12516297262059975}, "la": {"n": 0.8212777934140163, "f": 0.17872220658598367}, " O": {"l": 0.5881402488285669, "s": 0.4118597511714332}, "Ol": {"i": 0.8255494505494505, "a": 0.17445054945054944}, "iw": {"i": 1.0}, "Os": {"k": 1.0}, "sk": {"a": 1.0}, "ka": {"r": 0.6768454593733404, "s": 0.24827403080191185, "d": 0.07488050982474774}, "ej": {" ": 1.0}, " T": {"o": 0.45874170091685107, "y": 0.484666455896301, "a": 0.05659184318684793}, "To": {"m": 0.8273604410751206, "b": 0.1726395589248794}, "om": {"a": 0.37846784363177804, "i": 0.6215321563682219}, "ma": {"s": 1.0}, "as": {"z": 0.7322519083969465,